Fund,P1,P2,P3,P4,P5,Topsis Score,Rank
M1,0.72,0.52,7.0,56.0,16.06,0.35900575750047786,8
M2,0.83,0.69,3.7,37.0,10.56,0.6549526969757704,1
M3,0.81,0.66,4.0,30.4,8.97,0.5908662709169907,5
M4,0.77,0.59,3.6,44.1,12.27,0.6472774637844098,3
M5,0.82,0.67,7.0,34.6,10.77,0.3894178383177019,7
M6,0.72,0.52,3.0,58.5,15.69,0.6245611590274195,4
M7,0.85,0.72,4.2,50.5,14.07,0.6523783931449075,2
M8,0.64,0.41,3.0,38.5,10.64,0.5663927080258,6
