Fund,P1,P2,P3,P4,P5,Custom Score,Rank
M1,0.72,0.52,7.0,56.0,16.06,0.20171262658824093,8.0
M2,0.83,0.69,3.7,37.0,10.56,0.6729190179844798,4.0
M3,0.81,0.66,4.0,30.4,8.97,0.6635802333740417,5.0
M4,0.77,0.59,3.6,44.1,12.27,0.7312029829229575,3.0
M5,0.82,0.67,7.0,34.6,10.77,0.20510108546856826,7.0
M6,0.72,0.52,3.0,58.5,15.69,0.7449652057362199,2.0
M7,0.85,0.72,4.2,50.5,14.07,0.556223541781835,6.0
M8,0.64,0.41,3.0,38.5,10.64,0.9267236782444552,1.0
